Neurons,Num Layers,Activation,Epochs,Optimizer,Batch Size,Train Loss,Test Loss
32,1,relu,20,Adam,64,0.05043620988726616,0.017787674441933632
32,1,sigmoid,100,SGD,16,0.0403079017996788,0.0267478097230196
32,3,relu,100,SGD,32,0.08098702877759933,0.04579606652259827
32,3,sigmoid,20,Adam,64,0.03918256610631943,0.026281772181391716
128,2,relu,20,Adam,16,0.013346084393560886,0.00820294488221407
128,3,relu,50,Adam,64,0.012376257218420506,0.009554870426654816
32,2,tanh,100,SGD,64,0.026389198377728462,0.014289752580225468
64,1,tanh,100,SGD,64,0.04842772334814072,0.024137189611792564
